artist_name,Frequência
Bob Dylan,25
David Bowie,24
Rush,19
The Rolling Stones,18
Tom Waits,17
Iron Maiden,17
Miles Davis,16
Black Sabbath,16
Weezer,16
AC/DC,15
R.E.M.,15
Swans,15
The Beach Boys,15
Queen,15
Megadeth,15
Judas Priest,15
The Beatles,14
Genesis,14
Pink Floyd,14
Opeth,13
U2,13
Nas,13
Nine Inch Nails,13
King Crimson,13
Dream Theater,13
Depeche Mode,13
Green Day,13
The Cure,12
Sonic Youth,12
Slayer,12
Autechre,12
Taylor Swift,11
Yes,11
Xiu Xiu,11
Beck,11
Metallica,11
Eminem,11
Deep Purple,11
King Gizzard & The Lizard Wizard,11
Neil Young,11
Bruce Springsteen,11
Nick Cave & The Bad Seeds,10
Sufjan Stevens,10
Kanye West,10
Kraftwerk,10
Radiohead,10
Madonna,10
The Flaming Lips,10
Jay-Z,10
Tim Hecker,10
Björk,10
Coldplay,9
Led Zeppelin,9
Porcupine Tree,9
The Kinks,9
PJ Harvey,9
Wilco,9
Kate Bush,9
John Coltrane,9
Pearl Jam,9
Foo Fighters,9
Leonard Cohen,9
Jethro Tull,9
Animal Collective,9
Boris,9
Deftones,9
Arca,8
Cocteau Twins,8
Mogwai,8
Anathema,8
The Who,8
Peter Gabriel,8
Talking Heads,8
Death Grips,8
Converge,8
The Black Keys,8
Ween,8
Korn,8
Motörhead,8
Blur,8
The National,8
Beach House,8
Sigur Rós,8
Katatonia,8
Burzum,8
Low,8
Car Seat Headrest,8
Muse,8
Linkin Park,8
Queens of the Stone Age,7
Gentle Giant,7
Mount Eerie,7
Fall Out Boy,7
Meshuggah,7
The Fall,7
Oneohtrix Point Never,7
Dead Can Dance,7
The Roots,7
Gorillaz,7
Ulver,7
Yo La Tengo,7
Lou Reed,7
Grouper,7
Stereolab,7
Van Halen,7
Neurosis,7
Red Hot Chili Peppers,7
Joni Mitchell,7
Lana Del Rey,7
The Mothers of Invention,7
Kid Cudi,7
Steely Dan,7
Death,7
Oasis,7
Coil,7
New Order,7
Gojira,7
In Flames,7
the Creator,7
Prince,7
Tyler,7
Frank Zappa,7
Beastie Boys,7
Rammstein,7
Mastodon,7
Spoon,7
The Caretaker,7
Aerosmith,7
Guns n' Roses,6
Faith No More,6
The Decemberists,6
Fugazi,6
Alice Cooper,6
KISS,6
Logic,6
Michael Jackson,6
Brockhampton,6
J. Cole,6
Arctic Monkeys,6
Deerhunter,6
Roxy Music,6
The Clash,6
of Montreal,6
OutKast,6
Sepultura,6
Elliott Smith,6
Tim Buckley,6
A Tribe Called Quest,6
Alcest,6
Blink-182,6
Future,6
Marilyn Manson,6
The Byrds,6
Tangerine Dream,6
Bring Me the Horizon,6
Dire Straits,6
Primus,6
Lady Gaga,6
Sun Kil Moon,6
Brian Eno,6
Elton John,6
Ariana Grande,6
Nick Cave and The Bad Seeds,6
Johnny Cash,6
Bathory,6
Anthrax,6
Creedence Clearwater Revival,6
The Mars Volta,6
Beyoncé,6
The Doors,6
Interpol,6
Death Cab for Cutie,6
Scott Walker,6
Blind Guardian,6
Flying Lotus,6
The Strokes,6
The White Stripes,6
Slipknot,6
Carcass,6
Aphex Twin,6
St. Vincent,6
Aesop Rock,6
Sleater-Kinney,6
Drake,6
Unwound,6
XTC,6
Modest Mouse,6
Iceage,5
Electric Light Orchestra,5
Fleetwood Mac,5
Isis,5
ABBA,5
Danny Brown,5
Pet Shop Boys,5
James Blake,5
The Residents,5
Godspeed You! Black Emperor,5
Talk Talk,5
Immortal,5
Gorguts,5
System of a Down,5
The Chemical Brothers,5
Melvins,5
Four Tet,5
Santana,5
Between the Buried and Me,5
Mac Miller,5
Van Morrison,5
William Basinski,5
The Police,5
Agalloch,5
Lightning Bolt,5
Can,5
Tool,5
Behemoth,5
Arcade Fire,5
Explosions in the Sky,5
Foals,5
M83,5
Kendrick Lamar,5
Hüsker Dü,5
Earl Sweatshirt,5
Panic! at the Disco,5
Avenged Sevenfold,5
Stevie Wonder,5
Destroyer,5
Herbie Hancock,5
GAS,5
Nightwish,5
Ozzy Osbourne,5
Brand New,5
Lil Ugly Mane,5
Charles Mingus,5
Mac DeMarco,5
Chelsea Wolfe,5
Steven Wilson,5
Bladee,5
Nina Simone,5
The Smiths,5
Belle and Sebastian,5
Jeff Rosenstock,5
Children of Bodom,5
Fiona Apple,5
BADBADNOTGOOD,5
Type O Negative,5
The Weeknd,5
Bright Eyes,5
Bolt Thrower,5
Ramones,5
Deafheaven,5
Pantera,5
Big Thief,5
Enslaved,5
Daft Punk,5
Red House Painters,5
Julia Holter,5
Massive Attack,5
Mitski,5
Grimes,5
Paramore,5
Kreator,5
AIR,5
The Killers,5
Placebo,5
Grateful Dead,5
Soundgarden,5
Electric Wizard,5
Morrissey,5
Van der Graaf Generator,5
Funkadelic,5
Alice in Chains,5
Pavement,5
Kings of Leon,4
Kyuss,4
Tame Impala,4
Amon Düül II,4
Perfume Genius,4
Siouxsie and The Banshees,4
Daughters,4
Charli XCX,4
Gong,4
青葉市子 [Ichiko Aoba],4
The Jam,4
Crystal Castles,4
Incubus,4
Childish Gambino,4
Toro y Moi,4
Denzel Curry,4
Morbid Angel,4
Squarepusher,4
The Red Hot Chili Peppers,4
Joanna Newsom,4
Britney Spears,4
Parquet Courts,4
Run the Jewels,4
Rage Against the Machine,4
Eels,4
Florence + The Machine,4
John Fahey,4
Gang Starr,4
Bauhaus,4
Franz Ferdinand,4
Blondie,4
La Dispute,4
2Pac,4
Hawkwind,4
Father John Misty,4
The Alan Parsons Project,4
Caribou,4
Nico,4
Built to Spill,4
Magma,4
The Velvet Underground,4
Sonic-Youth,4
Jorge Ben,4
Vince Staples,4
Bon Iver,4
The Jesus and Mary Chain,4
Scorpions,4
Various Artists,4
Emerson,4
Dark Tranquillity,4
Marillion,4
Idles,4
Lake & Palmer,4
At the Drive-In,4
Unknown Mortal Orchestra,4
Dead Kennedys,4
LCD Soundsystem,4
Disturbed,4
Imagine Dragons,4
Fleet Foxes,4
JPEGMAFIA,4
Camel,4
The 1975,4
XXXTentacion,4
Machine Girl,4
Marvin Gaye,4
Sweet Trip,4
Cannibal Corpse,4
Manic Street Preachers,4
The Microphones,4
Protomartyr,4
Liturgy,4
Adele,4
De La Soul,4
Thin Lizzy,4
Tori Amos,4
Blue Öyster Cult,4
Yung Lean,4
My Chemical Romance,4
Faust,4
ScHoolboy Q,4
Public Enemy,4
Limp Bizkit,4
Panda Bear,4
The War on Drugs,4
M.I.A.,4
Ghost,4
Slowdive,4
Deathspell Omega,4
CHVRCHES,4
clipping.,4
TV on the Radio,4
Dinosaur Jr,4
Lil Wayne,4
Pixies,4
Jefferson Airplane,4
Thee Oh Sees,4
Baroness,4
Testament,4
Lupe Fiasco,4
Nicolás Jaar,4
Thom Yorke,4
The Replacements,4
The Dillinger Escape Plan,4
Bob Marley & The WailersBob MarleyThe Wailers,4
Boards of Canada,4
Carly Rae Jepsen,4
The Mountain Goats,4
Cult of Luna,4
The Prodigy,4
Current 93,4
Darkthrone,4
Celtic Frost,4
Grizzly Bear,4
The Allman Brothers Band,4
The Smashing Pumpkins,4
The Shins,4
Emperor,4
MGMT,4
Vampire Weekend,4
Einstürzende Neubauten,4
Merzbow,3
NEU!,3
Uriah Heep,3
The Radio Dept.,3
Summoning,3
Sly & The Family Stone,3
John Maus,3
Def Leppard,3
Fishmans,3
Throbbing Gristle,3
DIIV,3
Phoenix,3
Amon Tobin,3
MIKE,3
Cage the Elephant,3
Nails,3
Ariel Pink's Haunted Graffiti,3
Cat Power,3
Vektor,3
Kurt Vile,3
Hum,3
King Diamond,3
El-P,3
Amon Amarth,3
Paradise Lost,3
Bloc Party,3
Drudkh,3
Anderson .Paak,3
Rihanna,3
King Gizzard and The Lizard Wizard,3
Post Malone,3
The Offspring,3
Kasabian,3
Lingua Ignota,3
Om,3
Ice Cube,3
Entombed,3
Iggy Pop,3
Ed Sheeran,3
Wipers,3
Curtis Mayfield,3
Julien Baker,3
George Harrison,3
My Bloody Valentine,3
Guided by Voices,3
Don Caballero,3
Traffic,3
Wolves in the Throne Room,3
Voivod,3
Dimmu Borgir,3
John Lennon,3
Dean Blunt,3
Broken Social Scene,3
Nujabes,3
Pusha T,3
The Jimi Hendrix Experience,3
Janelle Monáe,3
Smashing Pumpkins,3
Japanese Breakfast,3
21 Savage,3
Riverside,3
Bad Religion,3
A$AP Rocky,3
Dio,3
Fuck Buttons,3
Neon Indian,3
Sunn O))),3
American Football,3
Cluster,3
They Might Be Giants,3
ミドリ [Midori],3
Eno,3
maudlin of the Well,3
Al Green,3
Blood Orange,3
Earth,3
Andy Stott,3
Galaxie 500,3
Paul McCartney,3
Wolf Alice,3
Melt-Banana,3
Sunny Day Real Estate,3
Alex G,3
Bill Callahan,3
Dr. Dre,3
Mercury Rev,3
Justin Timberlake,3
Tortoise,3
Sparklehorse,3
Erykah Badu,3
Prince and The Revolution,3
Angelo Badalamenti,3
Accept,3
Sun Ra,3
Yeah Yeah Yeahs,3
Tears for Fears,3
Pharoah Sanders,3
Love,3
Lorde,3
Mew,3
Thundercat,3
Morphine,3
Immolation,3
Belle & Sebastian,3
Ornette Coleman,3
The Tallest Man on Earth,3
Big K.R.I.T.,3
Floating Points,3
Cream,3
Sparks,3
Angel Olsen,3
Blonde Redhead,3
Mr. Bungle,3
King Gizzard & the Lizard Wizard,3
Atheist,3
Black Flag,3
Ministry,3
Stars of the Lid,3
Jim O'Rourke,3
Joy Division,3
The Chameleons,3
Killing Joke,3
Liars,3
Andrew Jackson Jihad,3
The Cars,3
Klaus Schulze,3
Neil Young with Crazy HorseNeil YoungCrazy Horse,3
Big Star,3
The Antlers,3
Goldfrapp,3
Open Mike Eagle,3
Henry Cow,3
Juice WRLD,3
Wu-Tang Clan,3
Have a Nice Life,3
Boredoms,3
Twenty One Pilots,3
Coheed and Cambria,3
King Krule,3
Mgła,3
Coroner,3
Orchid,3
Elder,3
Sleep,3
Nirvana,3
Lil Uzi Vert,3
The Avalanches,3
Wire,3
Jack White,3
Bat for Lashes,3
Captain Beefheart & His Magic Band,3
Amorphis,3
Songs: Ohia,3
Deerhoof,3
The Magnetic Fields,3
Devo,3
Duster,3
Ghostface Killah,3
Black Dresses,3
Travis Scott,3
Stone Temple Pilots,3
The xx,3
John Frusciante,3
Beat Happening,3
Helloween,3
Supertramp,3
alt-J,3
Jimmy Eat World,3
Simon & Garfunkel,3
Nick Drake,3
Frank Ocean,3
Napalm Death,3
My Dying Bride,3
Mazzy Star,3
Mötley Crüe,3
Sum 41,3
A Perfect Circle,3
Suede,3
Captain Beefheart and The Magic Band,3
Elvis Costello & The Attractions,3
Butthole Surfers,3
Pulp,3
Panopticon,3
Portishead,3
The New Pornographers,3
Sade,3
Audioslave,3
Broadcast,3
Bad Brains,3
The Cranberries,2
Marina and the Diamonds,2
Kylie,2
Nevermore,2
A Place to Bury Strangers,2
Obituary,2
múm,2
Public Image Ltd,2
椎名林檎 [Sheena Ringo],2
Real Estate,2
Doves,2
Death From Above 1979,2
Ty Segall,2
Nickelback,2
Ariel Pink,2
Feist,2
Tuxedomoon,2
David Sylvian,2
Eric B. & Rakim,2
Travis,2
The Durutti Column,2
Charlie Mingus,2
Dua Lipa,2
Todd Rundgren,2
Snow Patrol,2
Satyricon,2
Antônio Carlos Jobim,2
Pig Destroyer,2
Dinosaur Jr.,2
Soccer Mommy,2
Scraping Foetus Off the Wheel,2
Glenn Gould,2
Shame,2
Touché Amoré,2
Echo & The Bunnymen,2
Pelican,2
Anna von Hausswolff,2
吉村弘 [Hiroshi Yoshimura],2
Full of Hell,2
Cryptopsy,2
Mineral,2
Polvo,2
The Damned,2
Pi'erre Bourne,2
Matmos,2
Laurel Halo,2
Mercyful Fate,2
Dissection,2
Stevie Ray Vaughan and Double Trouble,2
Crosby,2
Alice Coltrane,2
Avril Lavigne,2
Françoise Hardy,2
Clarence Clarity,2
Catherine Wheel,2
D'Angelo,2
Don Cherry,2
Against Me!,2
65daysofstatic,2
Bruno Mars,2
The Stooges,2
Machine Head,2
Arcturus,2
Blanck Mass,2
Fontaines D.C.,2
Against All Logic,2
Killswitch Engage,2
Queensrÿche,2
Moby,2
Blood Incantation,2
Popol Vuh,2
Battles,2
Kali Uchis,2
The Gun Club,2
Mobb Deep,2
Venom,2
DaBaby,2
N*E*R*D,2
The Olivia Tremor Control,2
Cypress Hill,2
Primal Scream,2
Purity Ring,2
Slint,2
Suicide,2
Violent Femmes,2
The Black Eyed Peas,2
Flume,2
Smog,2
Thrice,2
Migos,2
Protest the Hero,2
T. Rex,2
The Pains of Being Pure at Heart,2
Okkervil River,2
Supergrass,2
Caravan,2
Jeff Buckley,2
Melody's Echo Chamber,2
Tropical Fuck Storm,2
Standing on the Corner,2
Natural Snow Buildings,2
Raekwon,2
Black Country,2
R.A.P. Ferreira,2
100 gecs,2
Candlemass,2
Tom Petty,2
Devendra Banhart,2
Editors,2
The B-52's,2
Caetano Veloso,2
Jeff Beck,2
Ground-Zero,2
Cat Stevens,2
Rich Brian,2
My Morning Jacket,2
The Raconteurs,2
The Libertines,2
Big Black,2
Quasimoto,2
Wild Nothing,2
Pete Rock & C.L. Smooth,2
Terry Riley,2
John Coltrane Quartet,2
Shabazz Palaces,2
FKA twigs,2
PUP,2
Cake,2
CunninLynguists,2
The Breeders,2
John Cale,2
Robert Wyatt,2
Run-D.M.C.,2
The Soft Machine,2
Porter Robinson,2
Digable Planets,2
Super Furry Animals,2
Westside Gunn,2
Misfits,2
Bark Psychosis,2
The Birthday Party,2
Death in June,2
Girls,2
Cynic,2
Dirty Three,2
The Pogues,2
Devin Townsend,2
Paysage d'Hiver,2
The Verve,2
The Dismemberment Plan,2
Meat Puppets,2
Phoebe Bridgers,2
Manowar,2
Holly Herndon,2
The Miles Davis Quintet,2
(Sandy) Alex G,2
Dirty Projectors,2
Windir,2
Suffocation,2
Cornelius,2
DJ Shadow,2
Ryuichi Sakamoto,2
J Dilla,2
Doja Cat,2
Television,2
Harold Budd,2
tricot,2
The Knife,2
Jenny Hval,2
Elvis Costello,2
Patti Smith Group,2
Iglooghost,2
Miles Davis Quintet,2
Armand Hammer,2
Jamiroquai,2
Lykke Li,2
Twenty Øne Piløts,2
Lucy Dacus,2
Dan Deacon,2
The Sisters of Mercy,2
Janis Joplin,2
Code Orange,2
Ben Frost,2
50 Cent,2
Ulcerate,2
Mayhem,2
Philip Glass,2
Regina Spektor,2
Sharon Van Etten,2
Underworld,2
Hop Along,2
Kevin Abstract,2
Teenage Fanclub,2
Sonny Sharrock,2
Justice,2
Pere Ubu,2
YG,2
Mutantes,2
cLOUDDEAD,2
Kelly Lee Owens,2
Eric Clapton,2
The Blue Nile,2
This Will Destroy You,2
Algiers,2
The Body,2
Ought,2
ZZ Top,2
Tenacious D,2
Billy Joel,2
Burial,2
Viagra Boys,2
toe,2
Warpaint,2
Lovesliescrushing,2
Alvvays,2
The Stone Roses,2
Kansas,2
Amy Winehouse,2
Janet Jackson,2
Paul Simon,2
Hole,2
Cloud Nothings,2
Kero Kero Bonito,2
Screaming Trees,2
W.A.S.P.,2
Spellling,2
Pain of Salvation,2
Leprous,2
Miley Cyrus,2
New Road,2
Fever Ray,2
Camera Obscura,2
Neutral Milk Hotel,2
Solange,2
Townes Van Zandt,2
Gil Scott-Heron,2
Codeine,2
Eyehategod,2
Freddie Gibbs,2
Róisín Murphy,2
Orbital,2
Milo,2
The Streets,2
Czarface & MF DOOM,2
The Garden,2
mewithoutYou,2
Forest Swords,2
The Sound,2
Exodus,2
Yves Tumor,2
Japandroids,2
Ryan Adams,2
This Heat,2
Aretha Franklin,2
Boldy James & The Alchemist,2
Silver Jews,2
Daniel Johnston,2
Tindersticks,2
Little Simz,2
Spiritualized®,2
Roger Waters,2
Eric Dolphy,2
Billie Eilish,2
The Internet,2
The Brave Little Abacus,2
Yeasayer,2
Keane,2
21 Savage & Metro Boomin,2
Clipse,2
Bruno Pernadas,2
Poppy,2
Madlib,2
Deicide,2
Wayne Shorter,2
Kamasi Washington,2
Blu & Exile,2
Fear Factory,2
Thaiboy Digital,2
Richard Dawson,2
MONO,2
Chrome,2
Rainbow,2
death's dynamic shroud.wmv,2
Common,2
Dorian Electra,2
大貫妙子 [Taeko Ohnuki],2
Women,2
Rosalía,2
Ennio Morricone,2
Shellac,2
The Books,2
Lynyrd Skynyrd,2
Pestilence,2
Duran Duran,2
The Field,2
Parliament,2
Moonsorrow,2
Actress,2
Joyce Manor,2
Annihilator,2
dredg,2
Antony and the Johnsons,2
Animals as Leaders,2
Steve Reich and Musicians,2
Garbage,2
Strapping Young Lad,2
Snail Mail,2
Jessie Ware,2
Acid Bath,2
Clairo,2
Weyes Blood,2
Mos Def,2
Godspeed You Black Emperor!,2
The Hives,2
Playboi Carti,2
Oranssi Pazuzu,2
2814,2
Cardiacs,2
Frank Sinatra,2
Mumford & Sons,2
The Future Sound of London,2
C418,2
Andrew Bird,2
AFI,2
Grandaddy,2
Sodom,2
Freddie Gibbs & The Alchemist,2
Spiritualized,2
Haim,2
Isaiah Rashad,2
Harry Styles,2
Halsey,2
Simon and Garfunkel,2
Cradle of Filth,2
Daughter,2
J.I.D,2
Passion Pit,2
Jesu,2
Spacemen 3,2
Swell Maps,2
Dälek,2
Courtney Barnett,2
The Raincoats,2
MF DOOM,2
Yellow Magic Orchestra,2
Lush,2
Jane's Addiction,2
The Pharcyde,2
Echo and The Bunnymen,2
Dinosaur,2
yeule,2
Sublime,2
Syd Barrett,2
Minutemen,2
Young Thug,2
Arthur Russell,2
George Clanton,2
Baths,2
Drive Like Jehu,2
SOPHIE,2
Lily Allen,2
Harmonia,2
Jean Michel Jarre,2
The Band,2
Natalia Lafourcade,2
Premiata Forneria Marconi,2
Lil Peep,2
Fennesz,2
Katy Perry,2
Fripp & Eno,2
Nile,2
The Mothers,2
Lamb of God,2
Skee Mask,2
Gang of Four,2
Swirlies,2
Mass of the Fermenting Dregs,2
Elvis Presley,2
Joji,2
slowthai,2
The Jesus Lizard,2
Joey Bada$$,2
black midi,2
Crass,2
Japan,2
Lil Pump,2
Mike Oldfield,2
Injury Reserve,2
Jon Hopkins,2
The Notorious B.I.G.,2
Moses Sumney,2
Buffalo Springfield,2
The Drones,2
Freddie Gibbs & Madlib,2
Rise Against,2
Danzig,2
Bohren & der Club of Gore,2
Ride,2
N.W.A,2
Skid Row,2
Autopsy,2
Band of Horses,2
The World Is a Beautiful Place & I Am No Longer Afraid to Die,2
Ka,2
Blank Banshee,2
Fairport Convention,2
Darkside,2
The Horrors,2
At the Gates,2
Beirut,2
Backxwash,2
Blackout,1
Murmuüre,1
Nujabes / Fat Jon,1
Jeru the Damaja,1
The Waterboys,1
Jefre Cantu-Ledesma,1
Damon Albarn,1
Bon Jovi,1
Method Man,1
The Black Crowes,1
the Bad & the Queen,1
Amesoeurs,1
The Pop Group,1
Zach Hill,1
Wolfmother,1
Kashiwa Daisuke,1
Goodie Mob,1
Dadawah,1
Origami Angel,1
The For Carnation,1
Sun City Girls,1
Bowery Electric,1
Nara Leão,1
Lil Nas X,1
Cannibal Ox,1
Shabaka and The Ancestors,1
Mount Eerie With Julie DoironMount EerieJulie Doiron,1
Gal Costa,1
DJ Rashad,1
Otis Redding,1
Ryoji Ikeda,1
Tigers Jaw,1
James Carr,1
The Walkmen,1
Flower Travellin' Band,1
Wolf Parade,1
The Blood Brothers,1
Spiritualized?,1
The Silver Mt. Zion Memorial Orchestra & Tra-La-La Band With Choir,1
Pinegrove,1
Wavves,1
Budgie,1
Luciano Cilio,1
Big L,1
Rob Scallon & Doug Walker,1
Company Flow,1
Adolescents,1
Bad Bunny,1
Waste of Space Orchestra,1
Taking Back Sunday,1
Sunn O))) & Ulver,1
Scissor Sisters,1
Hatchie,1
Fela Ransome Kuti & The Afrika 70Fela KutiThe Africa '70,1
Neil Young and Crazy HorseNeil YoungCrazy Horse,1
Preoccupations,1
Baby Keem,1
Orphaned Land,1
Peter Bjorn and John,1
Free,1
Camp Lo,1
David Thomas Broughton,1
Ella Fitzgerald & Louis Armstrong,1
파란노을 [Parannoul],1
Christoph de Babalon,1
Aaliyah,1
Botch,1
Joe Satriani,1
The KLF,1
Trust,1
T2,1
João Gilberto,1
The Sundays,1
Justin Bieber,1
Kelela,1
The Mama's and The Papa's,1
Robin Guthrie & Simon Raymonde,1
Kazumoto Endo,1
The Specials,1
Röyksopp,1
Big Pun,1
Three-6 Mafia,1
Sigh,1
Blind Melon,1
Ashra,1
Skinny Puppy,1
Rex Orange County,1
Princess Nokia,1
Septicflesh,1
The Gaslight Anthem,1
The Fratellis,1
Rosetta,1
Harold Budd / Brian EnoHarold BuddBrian Eno,1
Caroline Polachek,1
The Moody Blues,1
808 State,1
Franco Battiato,1
Orange Juice,1
Sampha,1
Cyndi Lauper,1
Cluster & Eno,1
Possessed,1
Lianne La Havas,1
The Psychedelic Furs,1
Descendents,1
Norah Jones,1
The Velvet Underground & Nico,1
Banco del Mutuo Soccorso,1
Prurient,1
Royal Trux,1
(The) Melvins,1
Common Sense,1
Mingus,1
High on Fire,1
Kaiser Chiefs,1
Молчат дома [Molchat doma],1
Gene Clark,1
Brainbombs,1
Godflesh,1
Yardbirds,1
Denzel Curry x Kenny BeatsDenzel CurryKenny Beats,1
6ix9ine,1
Einstuerzende Neubauten,1
Andrew W.K.,1
Rites of Spring,1
Батюшка [Batushka],1
山岡晃 [Akira Yamaoka],1
D'Angelo and The Vanguard,1
Bob Dylan & The Band,1
Jorja Smith,1
Hot Chip,1
Edge of Sanity,1
Lucinda Williams,1
The White Noise,1
The Field Mice,1
Contortions / Teenage Jesus and The Jerks / Mars / D.N.A.James Chance & The ContortionsTeenage Jesus & The JerksMarsDNA,1
Strawberry Switchblade,1
Jaco Pastorius,1
Goat,1
유키카 [YUKIKA],1
Miles Davis + 19,1
A Silver Mt. Zion,1
Makaveli,1
The Goslings,1
The Crazy World of Arthur Brown,1
Bill Withers,1
Silvana Estrada,1
Modern Baseball,1
Slum Village,1
Nilsson,1
Laurie Anderson,1
A. G. Cook,1
Kvelertak,1
The The,1
Susanne Sundfør,1
Artillery,1
NoMeansNo,1
Stan Getz & João Gilberto featuring Antônio Carlos Jobim,1
Captain Beefheart and His Magic Band,1
The Rapture,1
Neil Young + Crazy HorseNeil YoungCrazy Horse,1
Moby Grape,1
The Darkness,1
Mojave 3,1
春ねむり [Haru Nemuri],1
Dan Johnston,1
Ramleh,1
King Gizzard & the Lizard Wizard With Mild High ClubKing Gizzard & The Lizard WizardMild High Club,1
Weather Report,1
Gris,1
Tycho,1
The Cult,1
Sadness,1
Nanoray,1
Moondog,1
Rob Zombie,1
Jay Som,1
Avantdale Bowling Club,1
Terrorizer,1
Baby Huey,1
Magazine,1
Blackfield,1
INXS,1
Felt,1
The Kooks,1
diSEMBOWELMENT,1
Bad Company,1
Circle Takes the Square,1
Dr. John,1
Billy Woods,1
L'Rain,1
Boris With Merzbow,1
The Fiery Furnaces,1
The Ornette Coleman Double Quartet,1
David Crosby,1
pageninetynine,1
Bill Evans Trio,1
Roddy Ricch,1
Fela Ransome Kuti & Africa 70Fela KutiThe Africa '70,1
The Postal Service,1
The Vaccines,1
Shining,1
Necrophagist,1
Oh Sees,1
John Lennon / Plastic Ono Band,1
Global Communication,1
SBTRKT,1
Waka Flocka Flame,1
Genius/GZA,1
Hiatus Kaiyote,1
Clint Mansell Featuring Kronos QuartetClint MansellKronos Quartet,1
Billie Holiday & Ray Ellis and His OrchestraBillie HolidayRay Ellis,1
Gwen Stefani,1
Guru,1
Atomic Rooster,1
Jay Reatard,1
2 Chainz,1
Perfume,1
Oxbow,1
The Slits,1
Ol' Dirty Bastard,1
Alex Cameron,1
Girl Talk,1
Campfire Songs,1
Invisible,1
Greta Van Fleet,1
Mark Hollis,1
Shuggie Otis,1
The Teardrop Explodes,1
Bert Jansch,1
Discordance Axis,1
Savatage,1
Rod Stewart,1
Seefeel,1
Evanescence,1
Future Islands,1
Velvet Revolver,1
Glassjaw,1
Sugar,1
Bryce Dessner & James McAlister,1
Contortions,1
Boston,1
Wes Montgomery,1
Patti Smith,1
Phil Collins,1
WHY?,1
Kevin Ayers,1
Art Blakey and The Jazz Messengers,1
The Pink Floyd,1
Blink,1
DJ Rozwell,1
Mount Eerie with Julie Doiron & Fred SquireMount EerieJulie DoironFred Squire,1
Silver Apples,1
Ana Frango Elétrico,1
City Morgue,1
Brian Eno-David ByrneBrian EnoDavid Byrne,1
Demilich,1
Dark Throne,1
Living Colour,1
Hermit and the Recluse,1
Fela Anikulapo Kuti and Afrika 70Fela KutiThe Africa '70,1
Turnstile,1
Avey Tare,1
Rowland S. Howard,1
Deltron 3030,1
Elizabeth Fraser,1
きのこ帝国 [Kinoko Teikoku],1
Milton Nascimento & Lô Borges,1
Lee Morgan,1
Nick Cave Featuring The Bad Seeds,1
神聖かまってちゃん [Shinsei Kamattechan],1
Tennis,1
tUnE-yArDs,1
Viper,1
Lemonheads,1
Seatbelts,1
Biosphere,1
Zappa,1
Mission of Burma,1
フィッシュマンズ,1
Aminé,1
Atoms for Peace,1
Best Coast,1
X,1
Offspring,1
Gil Scott-Heron & Jamie xx,1
Matt Elliott,1
Buzzcocks,1
Imogen Heap,1
Street Sects,1
Faye Webster,1
Lisa Germano,1
The Dead Weather,1
Stills & Nash,1
Duke Ellington,1
Mount Kimbie,1
Marina & the Diamonds,1
Black Moon,1
Flying Saucer Attack,1
DJ Sprinkles,1
Disco Inferno,1
Two Door Cinema Club,1
The Haxan Cloak,1
The Ronettes,1
Three Days Grace,1
Chapterhouse,1
宇多田ヒカル [Hikaru Utada],1
DJ Koze,1
The Armed,1
Roy Harper,1
Buddy Holly,1
Naked City,1
Nuno Canavarro,1
Ultramagnetic MC's,1
Saint Vitus,1
Sunn O))) & Boris,1
Tom Petty and The Heartbreakers,1
Madvillain,1
The Red Crayola with The Familiar Ugly,1
Morcheeba,1
Zeal and Ardor,1
Gospel,1
Fates Warning,1
The Game,1
Orville Peck,1
Thelonious Monk Septet,1
Crying,1
The Unicorns,1
Depressive Silence,1
RXK Nephew,1
Billy Cobham,1
Iron and Wine,1
The Carters,1
Pentagram,1
Elis Regina & Antônio Carlos Jobim,1
Sky Ferreira,1
Renaissance,1
Return to Forever,1
The Go! Team,1
Alexander Spence,1
Atlas Sound,1
The Kniφe,1
ANOHNI,1
Young Thug & Young Stoner Life RecordsYoung ThugYoung Stoner Life,1
The Hold Steady,1
Solid Space,1
福居良 [Ryo Fukui],1
Novos Baianos,1
Stella Donnelly,1
Cult of Luna and Julie ChristmasCult of LunaJulie Christmas,1
The Promise Ring,1
BABYMETAL,1
Fire! Orchestra,1
Goldie,1
Silversun Pickups,1
The Dave Brubeck Quartet,1
Quelle Chris,1
Ocean Machine,1
Curren$y,1
Rodriguez,1
Eagles,1
The Pretty Things,1
Alanis Morissette,1
Gravediggaz,1
The Zombies,1
Area,1
Brian Wilson,1
Teen Suicide,1
God Is an Astronaut,1
Thursday,1
Gonjasufi,1
Christian Death,1
Portal,1
Mudvayne,1
Andrew Hill,1
Courtney Barnett & Kurt Vile,1
Sarcófago,1
Cut Copy,1
Insomnium,1
Ad Nauseam,1
Derek and The Dominos,1
Kylesa,1
Underscores,1
Etta James,1
Thinking Fellers Union Local 282,1
Owen Pallett,1
Power Trip,1
Nils Frahm,1
Pop Smoke,1
Anthony Braxton,1
Dreamville,1
Bo Burnham,1
Ben Folds Five,1
The Go-Betweens,1
Discharge,1
Colin Stetson,1
Bruce Dickinson,1
АЛ-90,1
Nelly Furtado,1
The Charlie Mingus Jazz Workshop,1
Serge Gainsbourg,1
Prefab Sprout,1
The 13th Floor Elevators,1
Todd Terje,1
Clifford Brown and Max Roach,1
Nancy Sinatra & Lee Hazlewood,1
Julee Cruise,1
Foxygen,1
Tierra Whack,1
Edan,1
Änglagård,1
Kaytranada,1
Hayley Williams,1
Elastica,1
Gnarls Barkley,1
Jaden,1
ELO,1
Jessica Pratt,1
Skepta,1
City of Caterpillar,1
Ensiferum,1
Maroon 5,1
Purple Mountains,1
The Wrens,1
070 Shake,1
Comus,1
Madness,1
Cure,1
Fax Gang,1
No Age,1
АукцЫон [Auktyon],1
The Human League,1
Youth Lagoon,1
The Feelies,1
John Martyn,1
µ-Ziq,1
Alice Coltrane featuring Pharoah Sanders,1
王菲 [Faye Wong],1
Iced Earth,1
Weakling,1
Russian Circles,1
目黒将司 [Shoji Meguro],1
Sons of Kemet,1
YBN Cordae,1
Asobi Seksu,1
Thee Silver Mt. Zion Memorial Orchestra,1
The Soft Boys,1
Porter Ricks,1
London Sinfonietta / David Zinman / Dawn Upshaw,1
The Koreatown Oddity,1
Neptunian Maximalism,1
Daniel Caesar,1
Cliff Martinez,1
Paavoharju,1
Gustavo Cerati,1
Terry Callier,1
Traveling Wilburys,1
Oval,1
Today Is the Day,1
Saba,1
Young Fathers,1
Janet,1
!!!,1
Harmonium,1
NOFX,1
Le Tigre,1
Ski Mask the Slump God,1
Blasphemy,1
ROME,1
Lizzo,1
Bullet for My Valentine,1
Temples,1
Circle Jerks,1
Matana Roberts,1
Soft Machine,1
José González,1
Streetlight Manifesto,1
Them Crooked Vultures,1
Sia,1
Neko Case,1
Arlo Parks,1
Stills,1
Exuma,1
Farrah Abraham,1
The Can,1
Bloodbath,1
Wishbone Ash,1
Max Richter,1
Ratatat,1
Komeda Quintet,1
Geologist & AveyPanda BearGeologistAvey Tare,1
Oliver Tree,1
UFO,1
Ladytron,1
U.S. Girls,1
Aztec Camera,1
Trouble,1
Klaxons,1
Jon Hassell & Brian Eno,1
New York Dolls,1
Savages,1
Pinkshinyultrablast,1
Lone,1
Boldy James & Sterling Toles,1
Diamond Head,1
Avey Tare and Panda BearAvey TarePanda Bear,1
Fantômas,1
Ecco2K,1
Dismember,1
Wintersun,1
Orchestral Manœuvres in the Dark,1
The Lounge Lizards,1
The Cramps,1
Ratking,1
Perturbator,1
The Good,1
Beach Fossils,1
Jean Grae & Quelle Chris,1
Cigarettes After Sex,1
Jackboys & Travis Scott,1
Metro Boomin,1
Toto,1
King Geedorah,1
Mdou Moctar,1
Carissa's Wierd,1
S.O.D.,1
These New Puritans,1
Lucio Battisti,1
James Ferraro,1
John Mayall With Eric ClaptonJohn MayallEric ClaptonJohn Mayall's Bluesbreakers,1
Young Marble Giants,1
Calvin Harris,1
Thee Silver Mt. Zion Memorial Orchestra & Tra-La-La Band,1
The Incredible String Band,1
Max Roach,1
Carole King,1
Algernon Cadwallader,1
Crywank,1
The Get Up Kids,1
Primordial,1
Grinderman,1
The Thelonious Monk Quartet,1
Macklemore & Ryan Lewis,1
Shiro Sagisu,1
Laura Nyro,1
Emeralds,1
Neil Cicierega,1
Everything Everything,1
Serj Tankian,1
Atmosphere,1
Sun-Ra and His Astro Infinity Arkestra,1
Uncle Acid & The Deadbeats,1
Scientist,1
DJ Sabrina the Teenage DJ,1
Black Sabbath Featuring Tony IommiBlack SabbathTony Iommi,1
Blut aus Nord,1
Corey Feldman,1
ABC,1
UGK,1
Staatsorchester Stuttgart / Lithuanian Chamber Orchestra / The 12 Cellists of the Berlin Philharmonic Orchestra / Dennis Russell Davies / Saulius Sondeckis / Gidon Kremer / Keith Jarrett / Tatjana Grindenko / Alfred SchnittkeStaatsorchester StuttgartLietuvos kamerinis orkestrasDie 12 Cellisten der Berliner PhilharmonikerDennis Russell DaviesSaulius SondeckisGidon KremerKeith JarrettТатьяна Гринденко [Tatjana Grindenko]Альфред Шнитке [Alfred Schnittke],1
Peste Noire,1
Viktor Vaughn,1
iamamiwhoami,1
Jlin,1
SALEM,1
Lil B,1
Leviathan,1
Cattle Decapitation,1
The Mahavishnu Orchestra With John McLaughlinMahavishnu OrchestraJohn McLaughlin,1
Ab-Soul,1
Klô Pelgag,1
Residents,1
The Notwist,1
Saxon,1
Black Star,1
Kayo Dot,1
PiL,1
Nokturnal Mortum,1
Stiff Little Fingers,1
Live,1
Benny the Butcher,1
Sebadoh,1
Chet Baker,1
Lou Reed & Metallica,1
Captain Beyond,1
Morbid Saint,1
David Byrne & St. Vincent,1
Michael Kiwanuka,1
The Peter Brötzmann Octet,1
Brigitte Fontaine & Art Ensemble of Chicago,1
The United States of America,1
Rancid,1
Marianne Faithfull,1
Bonnie 'Prince' Billy,1
Ty Segall Band,1
Badly Drawn Boy,1
DMX,1
"Toby ""Radiation"" Fox",1
Cannonball Adderley,1
Broken Bells,1
Elbow,1
John Zorn,1
Sinéad O'Connor,1
Duke Ellington / Charlie Mingus / Max RoachDuke EllingtonCharles MingusMax Roach,1
Amnesia Scanner,1
Nico Muhly,1
Weatherday,1
清水靖晃 [Yasuaki Shimizu],1
Sleigh Bells,1
Titus Andronicus,1
A Winged Victory for the Sullen,1
Penguin Cafe Orchestra,1
Food House,1
Haley Heynderickx,1
Small Faces,1
Lemon Demon,1
Teyana Taylor,1
Oliver Nelson,1
Lil Xan,1
Clint Mansell,1
Nick Cave & Warren Ellis,1
Marty Robbins,1
Warning,1
Hella,1
Remo Drive,1
Azealia Banks,1
Horrendous,1
Prodigy,1
EPMD,1
Dogleg,1
Steve Hackett,1
Nash & Young,1
Dillinger Escape Plan,1
Meredith Monk,1
Pale Saints,1
...And You Will Know Us by the Trail of Dead,1
Jai Paul,1
Nicki Minaj,1
Quelle Chris & Chris Keys,1
BADBADNOTGOOD & Ghostface Killah,1
Dido,1
Monster Magnet,1
Organized Konfusion,1
Sheck Wes,1
Envy,1
Mahavishnu Orchestra,1
Ash Ra Tempel,1
Incantation,1
Bicep,1
Little Richard,1
Billy Woods & Kenny Segal,1
Frank Zappa and The Mothers of InventionFrank ZappaThe Mothers of Invention,1
Bob Marley and The WailersBob MarleyThe Wailers,1
Leftfield,1
Albert Ayler Trio,1
Yuck,1
The Fall of Troy,1
Laura Marling,1
Sex Pistols,1
Killer Mike,1
The Last Shadow Puppets,1
Steve Roach,1
Harold Budd / Brian Eno with Daniel LanoisHarold BuddBrian Eno,1
Show Me the Body,1
Chick Corea,1
Daniel Lopatin,1
Jens Lekman,1
Manilla Road,1
Grace Jones,1
Richard Hell & The Voidoids,1
Angel Witch,1
The Voidz,1
16 Horsepower,1
Francis Vincent Zappa & The Abnuceals Emuukha Electric Symphony Orchestra & ChorusFrank ZappaThe Abnuceals Emuukha Electric Symphony Orchestra,1
Black Rebel Motorcycle Club,1
Genesis Owusu,1
Scarface,1
Enya,1
KMD,1
Kids See Ghosts,1
Bell Witch,1
Chance the Rapper,1
The Horace Silver Quintet,1
Warren Zevon,1
Jonny Greenwood,1
細野晴臣 [Haruomi Hosono] / 鈴木茂 [Shigeru Suzuki] / 山下達郎 [Tatsuro Yamashita],1
HMLTD,1
The John Coltrane Quartette,1
Temple of the Dog,1
Donovan,1
The Wedding Present,1
Tenhi,1
Huncho Jack,1
Damien Rice,1
Let's Eat Grandma,1
Long Fin Killie,1
Sixteen Horsepower,1
Pantha du Prince,1
Linda Perhacs,1
Failure,1
Iron & Wine,1
Manu Chao,1
Everything but the Girl,1
Squid,1
Big Boi,1
Joe Jackson,1
Superorganism,1
Aphrodite's Child,1
Paul & Linda McCartneyPaul McCartneyLinda McCartney,1
Creed,1
Pretenders,1
Brian Eno with Daniel Lanois & Roger Eno,1
OMD,1
Drop Nineteens,1
CCCP Fedeli alla Linea,1
The Devin Townsend Project,1
Grant Green,1
Kairon; IRSE!,1
Adrianne Lenker,1
Dean Blunt & Inga Copeland,1
Slick Rick,1
Full of Hell & Merzbow,1
Bone Thugs-N-Harmony,1
Yusef Lateef,1
Le Mystère des voix bulgares,1
George Michael,1
The Flying Burrito Bros,1
The Wailers,1
Helmet,1
Donald Fagen,1
Lou Reed & John Cale,1
ColdWorld,1
Magnolia Electric Co.,1
Deutsch Amerikanische Freundschaft,1
James Brown,1
a-ha,1
Rae Sremmurd,1
Twisted Sister,1
Spectral Wound,1
The Afghan Whigs,1
Bladee & Mechatok,1
Viet Cong,1
Souls of Mischief,1
Robbie Basho,1
Germs,1
Alabama Shakes,1
Eartheater,1
Dennis Wilson,1
Clap Your Hands Say Yeah,1
Fatboy Slim,1
Dark Angel,1
Lizzy Mercier Descloux,1
The Hotelier,1
Thelonious Monk With John Coltrane,1
Yndi Halda,1
Third Eye Blind,1
공중도덕,1
Trippie Redd,1
Procol Harum,1
Metal Church,1
Jay Electronica,1
Midlake,1
Thelonious Monk,1
Labradford,1
Melanie Martinez,1
Gang Gang Dance,1
おとぼけビ～バ～ [Otoboke Beaver],1
NxWorries,1
Ecco2K & Thaiboy Digital,1
Susumu Yokota,1
The Comet Is Coming,1
I Hate Myself,1
Chromatics,1
Flaming Lips,1
Jet,1
Chicago Transit Authority,1
Lift to Experience,1
Moor Mother & Billy Woods,1
This Mortal Coil,1
Van Dyke Parks,1
Bonobo,1
$uicideboy$,1
Chief Keef,1
Mavi,1
The Millennium,1
Robyn,1
Verve,1
Bikini Kill,1
Dave,1
Cults,1
Spirit of the Beehive,1
Manuel Göttsching,1
Jackson C. Frank,1
The Crickets,1
The Angels of Light,1
Art Ensemble of Chicago,1
Swervedriver,1
Empire! Empire! (I Was a Lonely Estate),1
Sufjan Stevens & Angelo De Augustine,1
Slauson Malone,1
Manitoba,1
No Doubt,1
Glass Animals,1
ボリス,1
A$AP Ferg,1
Imperial Triumphant,1
Thirty Seconds to Mars,1
The Brian Jonestown Massacre,1
Panda,1
Kings of Convenience,1
Tracy Chapman,1
The Dandy Warhols,1
The Church,1
Flotation Toy Warning,1
三宅優 [Yuu Miyake],1
Reflection Eternal,1
Buena Vista Social Club,1
HEALTH,1
Dr. Octagon,1
Vein,1
Sun Ra and His Arkestra,1
Time Machines,1
Dizzee Rascal,1
Jay-Z & Kanye West,1
Converge & Chelsea Wolfe,1
Darkspace,1
Foster the People,1
Iron Butterfly,1
Of Monsters and Men,1
Atari Teenage Riot,1
Pink Guy,1
Saint Pepsi,1
Monks,1
The Sonics,1
Haken,1
Deepchord Presents Echospace,1
OFWGKTA,1
Ahab,1
Soft Cell,1
Spirit,1
Jónsi,1
Heart,1
Conway the Machine,1
Pendulum,1
Main Source,1
serpentwithfeet,1
Scott Walker + Sunn O)))Scott WalkerSunn O))),1
Nocturnus,1
Bowie,1
파란노을 [Parannoul] / Asian Glow / sonhos tomam conta,1
SPK,1
Mar1lyn Man5on,1
Asia,1
Refused,1
DANGERDOOM,1
Pharoah Sanders & The London Symphony OrchestraFloating PointsPharoah SandersLondon Symphony Orchestra,1
Devon Hendryx,1
Jack Johnson,1
Noname,1
Set Fire to Flames,1
Loathe,1
Stars,1
Ne Obliviscaris,1
Кино [Kino],1
Mclusky,1
Gabor Szabo,1
Gotye,1
Dry Cleaning,1
Colin Stetson and Sarah NeufeldColin StetsonSarah Neufeld,1
Ke\$ha,1
Gary Numan,1
Lamp,1
Simple Minds,1
John Lennon & Yoko Ono,1
Ayreon,1
Archers of Loaf,1
Insect Warfare,1
Bladee & Ecco2K,1
John Prine,1
Sd Laika,1
이달의 소녀 오드아이써클 [LOONA ODD EYE CIRCLE],1
The La's,1
Men I Trust,1
Whitesnake,1
Do Make Say Think,1
Sevdaliza,1
Księżyc,1
Alexandra Savior,1
The Moody Blues With The London Festival Orchestra,1
Cabaret Voltaire,1
Koopsta Knicca,1
Liz Phair,1
The Blue Öyster Cult,1
John Mayer,1
Third Ear Band,1
The Newfound Interest in Connecticut,1
Metric,1
Washed Out,1
Sacramentum,1
Jamie xx,1
Sonny Rollins,1
Dexys Midnight Runners,1
The Shaggs,1
Art Blakey & The Jazz Messengers,1
Waxahatchee,1
Redman,1
Glenn Branca,1
Chico Buarque,1
The Silver Mt. Zion Memorial Orchestra & Tra-La-La Band,1
Beth Gibbons & Rustin Man,1
David Gilmour,1
The John Coltrane Quartet,1
Bill Evans & Jim Hall,1
Turnover,1
World's End Girlfriend,1
The Dillinger Esc Plan,1
The Stranglers,1
John Williams / London Symphony Orchestra,1
Gorgoroth,1
PRMLSCRM,1
Mad Season,1
Howard Shore,1
Repulsion,1
Blackalicious,1
Pescado Rabioso,1
Wings,1
The Modern Lovers,1
Boogie Down Productions,1
New York Philharmonic / Leonard Bernstein,1
Machinedrum,1
Deakin,1
Rhye,1
Mare Cognitum,1
SZA,1
Candy Claws,1
The Gathering,1
Artur Rubinstein,1
Eddie Vedder,1
Spiritualized Electric Mainline,1
Jordaan Mason & The Horse Museum,1
RJD2,1
Dragged Into Sunlight,1
The Dream Syndicate,1
Chuck Person,1
Panic at the Disco,1
Horse Lords,1
Tomb Mold,1
Flatbush Zombies,1
Disclosure,1
13th Floor Elevators,1
Papa Roach,1
Siouxsie & the Banshees,1
Kronos Quartet / Pat Metheny,1
MC5,1
Planning for Burial,1
Beach Bunny,1
DOOM,1
Vashti Bunyan,1
Julian Casablancas + The Voidz,1
Devin Townsend Project,1
Better Oblivion Community Center,1
Foxtails,1
Uboa,1
Oingo Boingo,1
The Drums,1
Bush,1
Goblin,1
Rustie,1
Cibo Matto,1
The Sugarcubes,1
Snoop Doggy Dogg,1
The Devin Townsend Band,1
Sturgill Simpson,1
Jan Jelinek,1
Tiger Trap,1
Venetian Snares,1
Polyphia,1
Luomo,1
Television Personalities,1
Isaac Hayes,1
공중도둑 [Mid-Air Thief],1
Prefuse 73,1
Santogold,1
Arthur Verocai,1
Inquisition,1
Rina Sawayama,1
Olivia Rodrigo,1
Offset & Metro Boomin,1
Cap'n Jazz,1
Paul McCartney & Wings,1
The Pentangle,1
Fela & The Africa 70Fela KutiThe Africa '70,1
Iggy and The Stooges,1
Happy Mondays,1
The Congos,1
Erika de Casier,1
Eluvium,1
Tiamat,1
Captain Beefheart & The Magic Band,1
Lloyd Cole and The Commotions,1
Rudimentary Peni,1
Ultravox,1
Sewerslvt,1
McCoy Tyner,1
Oathbreaker,1
Duke Ellington & John Coltrane,1
Cassandra Jenkins,1
Trent Reznor and Atticus Ross,1
Trivium,1
BLACKPINK,1
Ved Buens Ende.....,1
Pink Siifu,1
Malibu Ken,1
Silk Sonic,1
Orb,1
Nickelus F,1
Agent Orange,1
Cardi B,1
Les Discrets,1
Magdalena Bay,1
Life Without Buildings,1
UNKLE,1
Big Brother & The Holding Company,1
Blue Cheer,1
The Undertones,1
Mild High Club,1
Billy Bragg & Wilco,1
Gram Parsons,1
fun.,1
Black Moth Super Rainbow,1
高木正勝 [Masakatsu Takagi],1
Rapeman,1
Metronomy,1
This Town Needs Guns,1
The Angelic Process,1
Chloe x Halle,1
Vince Guaraldi,1
Suicidal Tendencies,1
Country Joe & The Fish,1
Cursive,1
Siekiera,1
Randy Newman,1
John Talabot,1
Machine Gun Kelly,1
The Night Tripper,1
Down,1
Cowboy Junkies,1
Lauryn Hill,1
Beherit,1
Scott Engel,1
Blind Faith,1
Jack Stauber,1
Macintosh Plus,1
Richard & Linda Thompson,1
Magnetic Fields,1
Negură Bunget,1
Giles Corey,1
Cindy Lee,1
Willie Nelson,1
The Cardigans,1
Overkill,1
Fugees,1
Future & Lil Uzi Vert,1
Symphony X,1
The Upsetters,1
Glass Beach,1
Black Marble,1
Whitehouse,1
Royal Blood,1
Hannah Diamond,1
Meat Loaf,1
Tubeway Army,1
Rodan,1
Os Mutantes,1
Dusty Springfield,1
Mort Garson,1
Microphones,1
Nala Sinephro,1
White Zombie,1
Doopees,1
Agitation Free,1
DragonForce,1
Soda Stereo,1
Kacey Musgraves,1
Say Anything,1
Cecil Taylor,1
Armand Hammer & The Alchemist,1
dltzk,1
Iron + Wine,1
Dungen,1
Gastr del Sol,1
Tricky,1
山下達郎 [Tatsuro Yamashita],1
3776,1
Henry Flynt,1
Yellow Swans,1
Arooj Aftab,1
X-Ray Spex,1
Lil Yachty,1
Kamelot,1
Ritchie Blackmore's Rainbow,1
The Weather Station,1
Altar of Plagues,1
Flipper,1
Mach-Hommy,1
Giorgio,1
Bedwetter,1
